,series_0,series_1,series_2,series_3,series_4,series_5,series_6,series_7
2015-01-04,50.49671415301123,55.014246691749506,62.06011857637726,64.61579638780948,68.81474360721334,76.38990826206661,84.59411154196175,86.72148359639492
2015-01-11,51.06055809484102,56.33462539269878,65.64196746166341,66.46707043760622,73.5894008726654,76.76104729104983,89.50145873120094,87.17212371896588
2015-01-18,53.21134311693754,59.4188735665471,64.61156519607304,68.08111348566152,76.39612060204844,81.93295713905096,80.17335447576693,96.6015591530022
2015-01-25,55.60405653031408,62.38964501855213,68.06153057564437,71.80181755317989,80.35860091434832,83.92904466455256,85.66007012340901,97.09555103369516
2015-02-01,54.35672612094342,60.624421475401945,70.78074515806328,69.65557803402316,82.14955266838656,82.15636263322342,86.94386721508117,93.11444503321447
2015-02-08,55.38704958148217,66.45461027904602,69.33197966303965,69.29908168628366,81.21565082958452,87.44194656760452,90.32661947529722,94.48487672167046
2015-02-15,59.05428868593713,68.44942225093642,64.96461767581033,69.40786407767763,82.37996680894318,81.75515647053382,86.07036842131892,97.93965152804611
2015-02-22,58.703461843824485,61.86573835034955,64.70953404071857,72.65231358358783,80.55173401412652,79.73245317926997,89.6805257602648,99.81962355722962
2015-03-01,57.62088118481464,62.24985196483716,66.06894705571064,72.69443656215226,80.81823067611424,75.64258281553833,94.14718681925217,90.90366682072356
2015-03-08,59.710379381192965,63.766422046058906,58.06533317226917,77.90280572262577,82.52057069164255,75.81921146155821,88.08968626542223,89.66336590938069
2015-03-15,58.83309334787488,60.97791014223063,55.391568138609955,77.81384689126209,77.82323636237483,67.90496477285258,86.77976205524216,91.02315484525461
2015-03-22,59.245470716493095,60.220915893697814,51.15136531841615,73.4922804338753,77.18692141364238,69.31706027188419,86.7724547388627,91.74807552123669
2015-03-29,60.31800369342275,57.54488120684339,51.799549689046444,74.37253818925213,71.52854090774608,68.12408497136767,92.04387850926481,89.29891493511087
2015-04-05,58.216719755342204,66.8560599375074,50.5281821588295,75.61590114025294,69.71726578603848,66.58576764143864,87.89695966710626,87.85861147347255
2015-04-12,58.54857083693216,66.85676593972146,50.28596005169659,77.08613728014832,68.6914625938672,67.43087292966403,90.38265968146446,81.93139800820657
2015-04-19,59.4277846671143,51.045007148688946,51.76308819969827,75.36631328991425,66.2638989127399,69.28947808916334,91.296535616357,78.53023457698754
2015-04-26,58.833146938952304,48.27720491780688,56.959389606902214,74.42772955351934,63.588630239625594,70.3608203769763,90.66820801040296,80.62377419370817
2015-05-03,59.20949734681436,48.08445270426851,58.170782901272,74.48951211036253,64.60362692108453,76.08116286187052,90.44516463198606,77.30158102189964
2015-05-10,57.926323213096225,45.71204332689973,63.255089962365396,73.51477664728777,61.67850451524018,78.10567633954184,89.67922672761155,75.26262930172192
2015-05-17,56.96380698899426,44.76491904627483,64.94889739763414,73.63957294701828,60.71074414762341,81.77049372376045,89.84565962968698,76.7171144694152
2015-05-24,57.56939408171986,45.574578666011355,69.2572594903961,71.96699439468658,61.17981826854348,84.17854169474751,87.26381871091256,77.35202626623972
2015-05-31,55.77042342090919,46.276696496023035,70.95942970706396,71.16730349907294,61.71879289084427,86.36203145533825,86.57385640632013,77.21934703944832
2015-06-07,54.90697261365015,47.55450246134333,71.36023559615474,71.41618136981869,63.02489398128929,85.7721298540384,85.45968561383496,78.07210064417879
2015-06-14,52.82369208649471,49.34078824131366,69.41525068717364,68.79836257305233,63.02735050069281,85.30165384318735,86.04394056849986,80.02768282389721
2015-06-21,52.21526755162398,51.26858516442861,68.8103570010206,66.91002218475467,67.94121535789792,81.64878052964052,85.17904551382554,81.78916322080147
2015-06-28,51.55301663564264,53.56730017055116,66.73402448290544,67.31408190905557,70.51924733960513,81.58400471214382,83.59093908383399,82.58938073839829
2015-07-05,49.10900642257769,54.88887081966103,60.394052236744834,65.57138457453404,73.35844908085107,77.56611141892529,83.71358986702388,85.86504284911626
2015-07-12,49.485286426208404,65.96673740881154,56.65798555238919,65.61902667987151,74.25327774705845,72.58310473242396,78.57422890345731,90.54537036113497
2015-07-19,47.14663930858998,70.08558141712349,54.42938180778056,64.23545563922787,77.190214414457,69.1815315535072,82.85424007770855,92.56115299208558
2015-07-26,46.35554301240379,62.56782158487557,51.252167251514315,62.55869926647855,76.46641855371614,69.17298281015091,81.72920815948616,94.33165587803626
2015-08-02,44.803464250399756,65.1033859276873,49.91620596037036,61.44075728616888,81.37572161551742,65.37540290752794,79.11408750325928,93.241943766762
2015-08-09,47.347585811441235,62.21417502646113,50.275380025529024,59.15551080698655,81.4174631334637,67.4265437542696,80.67303952344221,96.37735490723225
2015-08-16,43.6685767854676,64.74279942310181,55.81101627963184,59.81090520493657,80.56258466595862,71.29695768419796,71.6425406378688,91.94906513959904
2015-08-23,41.26218207663058,68.72602255593178,56.695363390467875,60.5492212291899,83.38863911973245,69.47846024797562,73.56927604517105,98.02109813243537
2015-08-30,43.317252679743994,65.9220940040732,57.77989253990894,56.27305804275561,82.90630874361024,75.45823042252577,72.42365926073998,100.63482492063537
2015-09-06,39.772228780144445,64.38872244400604,58.09689980073377,57.53553588431651,80.09960709460523,78.97383230351363,75.22481933590218,92.49260511772883
2015-09-13,41.28795225931525,63.38813576450669,63.259372687774615,58.8873193783944,79.24845318989057,81.61281680499144,70.93251469476488,93.18488890894055
2015-09-20,38.245559643795296,63.381002272415735,69.33959547693276,57.58030663400875,74.7172039420246,83.77383108537956,74.37419450356576,93.29671525846669
2015-09-27,38.96579734682623,60.61400164381185,67.63966235552554,58.498921318712256,76.24187274405146,88.67039798567966,75.18816170359875,92.81784025861224
2015-10-04,40.58686123586912,54.042527166956155,71.52159223294235,55.82141497121537,70.69166153675114,86.44364704634955,73.84232464013441,87.35801815228974
2015-10-11,41.12301452894199,52.23462262110006,69.42448961141021,54.57769779490594,68.73742103511645,84.35734104516378,73.272588045102,84.77083419266371
2015-10-18,40.8321307013183,49.81040068316768,68.79967584874278,57.13081826805499,67.46973851607638,85.68265476728004,71.94725458634699,81.06335251447088
2015-10-25,40.99253378897675,48.65943803287647,65.95845254586696,57.64490083295071,66.51175351476738,80.96273529877463,72.68412887837793,81.84631489523612
2015-11-01,41.39823778959408,47.66571383638657,62.58052858123334,58.91236531060969,64.83795620076583,79.39613325533703,75.33209703388269,82.25318432043645
2015-11-08,41.422860388776556,46.67159578174686,58.674811640723256,59.352642681774036,62.846240872370956,76.31308106452924,75.51415656541421,79.42091249155007
2015-11-15,42.60234617671504,45.125010548002706,55.41111192134835,59.66631962571318,62.86796590902079,72.49510863072504,75.63344930580422,78.65383605369743
2015-11-22,43.596774744474956,44.958379451018345,52.71453386548555,60.709904418472995,61.18194974802237,70.33957866350019,76.25200815608828,79.02867731444822
2015-11-29,45.35226153289813,46.141867850482946,52.00978430063063,61.066566153447035,62.463592699086085,69.7240714416329,75.88339054844555,79.39979668971073
2015-12-06,46.03499041496037,48.323252939735134,52.08154612058831,61.34007186111144,63.59428818013088,68.80633075574958,77.7044398203316,79.79676996266451
2015-12-13,45.76546691141661,50.150498226607844,51.63766969610453,63.51624736787919,66.99061196387342,69.41689180225997,81.92821742413717,83.22430404300775
2015-12-20,48.35562266138637,52.79317063806338,54.8212150192882,65.5873828329315,68.55632103620873,73.25019550577584,79.53416034321438,84.64738374937825
2015-12-27,48.96562902790205,53.59553550561899,58.19162251605768,66.58580199379988,70.38442403218113,76.83115549045162,82.63152451997279,86.71320302738786
2016-01-03,49.84307799969405,56.95096883942913,61.78052536154768,68.16394954090717,72.99442908936113,80.77315767488916,85.25191035711232,87.50187775362699
2016-01-10,52.420234950090546,59.69696712593555,65.3601187633192,67.70274479573351,77.50156133828776,80.8995003584334,82.66723241221158,94.11427751380448
2016-01-17,54.20372084960649,60.05369073635057,67.65668387459229,69.12773200367303,77.05361968322312,82.36826626473518,86.53736479272528,95.35979374053974
2016-01-24,55.33610546361912,63.299309752945526,70.95041560556483,71.58287276155528,76.9315608857406,86.04964627798175,89.39427616599392,94.77960497373257
2016-01-31,54.02268295642131,65.3725713271796,72.65389978884004,70.88442370819931,83.17823278417421,89.77686543754714,88.5954600277007,100.11375374757263
2016-02-07,55.79687579453022,64.02254662153584,71.66778509965248,71.9767827823373,82.57375279627993,88.47976874154934,96.40569511447191,97.66884070818904
2016-02-14,57.70691408782076,68.78996242184816,70.87831704206909,74.53087973644269,84.82493192693644,86.24638555143312,86.69632113492138,97.5778262681091
2016-02-21,59.53486876122211,66.04320411637443,69.22895113233469,76.32526562688385,82.78331111556152,85.47866570928937,94.14988049502642,97.7145540188218
2016-02-28,58.1266465733604,65.69065982141713,60.93363263407684,75.24918572581943,80.62706526460543,77.75552903947411,92.02409793411826,94.73176470216468
2016-03-06,59.202504108691954,62.97895747184803,62.222663119630745,74.16017795353632,82.07585011255068,77.75352218687108,94.86785477082175,99.24132171114138
2016-03-13,58.4970095584143,61.72958742294062,57.75992456378523,75.5564639760418,79.75019480541646,76.30671070177007,94.63036648680134,92.44614767878717
2016-03-20,58.865259081798584,57.92964148151597,52.76098329594396,77.55571512389793,78.11631379150155,72.31032576672061,92.67379652006493,92.11362384043399
2016-03-27,61.47683964184327,58.74108792279853,53.64802894329373,77.76585807235647,78.12716478380715,70.65172300120103,94.81732490794018,88.56244441273915
2016-04-03,62.00624002857082,59.056258130606174,51.47201491277125,77.91360957895195,71.71181653166141,71.29605918492878,91.57735767776273,90.05368152225549
2016-04-10,60.52369519444091,52.940436338643124,52.35309345260076,78.16368243506173,71.25923211187597,69.52249448895363,95.39679148083152,87.66187650934731
2016-04-17,61.14976857637322,54.20587567813928,54.05723511466416,77.39521670458754,67.82259763116087,70.78288514763703,94.7656228013759,85.28643452255915
2016-04-24,60.27189393077917,50.768647675289536,57.63533037738408,77.30048825027231,64.34450386761723,75.6254450607278,94.7932106736886,82.6240446951177
2016-05-01,59.16490207673162,47.84357944118545,60.3100092056221,76.58011201352298,65.17981836882134,78.96845410573059,94.68089812886903,81.11738400643532
2016-05-08,59.12227888385224,47.06580763042491,65.06919014599093,76.82503728445869,64.17296481995216,82.03908531696976,93.44304598588852,81.67020198089982
2016-05-15,58.96973277406795,46.41806432132133,67.72672243623099,76.26291800295716,64.06255905579367,84.81949225300754,92.57444280843323,80.28153009513505
2016-05-22,57.33318295677212,47.458143365374866,70.16972390114726,73.7327342487378,63.51952245311998,87.55088094159946,90.96123272894228,81.10377644942477
2016-05-29,57.243807507025174,47.412674918314316,72.38049839502217,73.42395200527633,63.18980473815598,88.06961133241187,90.18384463138483,80.68847842202543
2016-06-05,53.845490593057825,49.01532272999101,71.92141466197313,72.63226793587818,64.7925506761242,90.3495557578192,90.94467635631872,82.87130804516148
2016-06-12,54.84544028804255,50.13213092107785,71.86511792481691,71.31410792048719,68.35120211774925,89.43507597005208,90.33221227766924,85.84974786397726
2016-06-19,53.21997731627938,51.77821843063208,69.81359439736111,72.22236777358879,68.25364944813965,84.6808794830918,87.42070429458401,87.19770603464323
2016-06-26,51.71213802343917,54.462944035254225,64.44594794490474,69.5416712600745,73.40813563014517,84.31176853489666,86.66016385574409,88.14963238999408
2016-07-03,50.87176077653551,56.112361342740705,63.671112242667526,67.07301662483455,75.36997800959993,80.28615248251353,94.37050200990565,91.67723824960505
2016-07-10,47.35923609528836,57.18458784861823,56.85957509793299,67.82278793543139,75.84502888330803,74.47755915415378,96.78345642654871,93.25507014197768
2016-07-17,48.13612816102456,62.3502661188309,57.501346421105595,66.24096355332767,77.38934690515023,70.93943093678747,84.51889796866112,96.06374082318221
2016-07-24,47.73946841994243,61.05244480153753,56.81649814204832,65.22051811632508,82.63473112277717,71.75143353480102,86.25971124126963,97.37415573727019
2016-07-31,48.25880380146513,64.45243565990509,54.014697361756596,66.95011167764787,81.85377666832841,69.1508770363004,79.10917477882595,99.3955103693457
2016-08-07,44.3887867783218,79.19437034257739,48.98211788932853,63.30856665523529,80.32460664098431,74.27676640365445,79.24178507390296,101.51928524765673
2016-08-14,42.99898042757708,81.56030557276272,56.19992688101927,61.13807256839915,85.30508369939497,73.94829859290147,79.80289363056492,99.12018035488934
2016-08-21,42.614086139800676,69.2025766541504,60.90255858592367,57.11136999527257,85.0512123572499,75.48257177311184,80.01269649953976,99.14289359752048
2016-08-28,43.97352138308555,68.01529705883692,59.65320168409832,59.894619617959414,85.98759275591442,78.91827738684047,77.28377092568432,97.76607672007283
2016-09-04,42.479469282699874,66.01387339758683,63.75658665503084,62.02181554734005,83.27066938889044,84.24312923592115,75.26395568434492,96.34993007622725
2016-09-11,40.82442937210273,62.46864258422812,65.38818016952929,59.01202111693159,80.00751455231557,86.61801785345504,78.68767466228218,95.91571943114178
2016-09-18,58.32980541530702,61.17852134961422,70.61662110676069,55.261864946319534,81.2878165203524,88.74894692288922,77.94250105633651,97.10130801569116
2016-09-25,57.59829741911489,58.787615369349105,73.75541543422928,57.947517296656024,79.03594280505585,88.10382677147219,74.73144970208078,92.89380853480245
2016-10-02,41.878644990532884,56.30269040859762,73.56728455377933,59.93049510058663,74.8764883495793,95.05292044810932,78.5387084817688,93.15314458919288
2016-10-09,40.37486431640531,54.057119207557285,75.42936965099601,59.377568896138676,72.28118885213732,88.41339497668865,78.16119168858216,90.01879531773757
2016-10-16,40.969055775204495,51.85040315488367,70.30553087396778,58.172439534613055,68.58065714234691,87.70522776519908,76.96552766597966,85.22389921063053
2016-10-23,41.327737320425136,49.90067140508292,66.15922555441307,58.91862190715978,67.50024167646866,83.62810516581206,77.31496763607623,86.6330521328508
2016-10-30,41.234149390239246,49.28637125956424,64.176108157753,59.63122277665042,67.14696804111057,82.38099739697688,78.31714769213225,85.1813359653305
2016-11-06,42.88784298370607,46.9520934370669,58.94275422895318,60.15140472925468,65.03439144543547,78.48754097807623,77.75600152230263,82.43015710830056
2016-11-13,43.61637184780735,46.608775224615194,56.90715802106872,60.06598540924703,63.895689358617005,75.71749465660842,79.32909287225675,83.19267818950607
2016-11-20,44.35134878734136,46.15568791268133,55.691896720684845,62.788726468248896,67.43786793131079,71.33635230788401,78.49431194237428,82.17957964621047
2016-11-27,45.18443678932869,48.45894397953355,53.46833905858904,64.14953901598734,64.50888506988859,72.1195016701275,81.99608135386228,83.65825233323247
2016-12-04,45.51981117999461,48.25453808280155,53.19961714907887,63.191062990751206,68.62952430405242,70.3601378879357,80.88244610667289,83.50507656850634
2016-12-11,47.18277552911364,50.8746299069988,55.63593576143824,66.57482235091064,68.13108221140575,72.0560384873425,85.13186145259722,84.41118453799969
2016-12-18,48.363762529210526,52.79412859714828,56.179505971601095,66.58403342012384,70.36188895040071,75.56143825438892,84.34138277255687,88.01319747308959
2016-12-25,49.118354687038426,55.943975532942304,60.876951590895835,69.31672956493271,71.92827448096803,77.9789572482206,85.70649020586777,90.66167288218112
2017-01-01,50.878714288334,56.848981631787424,63.275168370199665,69.20933556717759,76.29597203063308,81.73791383500034,86.27562575026481,92.6439445208552
2017-01-08,52.707765508970034,58.32614426436282,67.2066766132833,70.60265943603294,75.3862803789573,86.18825910791114,88.03935883271528,93.53945119325611
2017-01-15,55.777619691623514,59.65826056194715,68.01103489099576,72.22982304079342,76.77210058658375,88.78386425206729,92.61018630420101,97.28943730826148
2017-01-22,54.848509934914645,59.69252212809765,71.29431041154848,71.45842057463784,84.98288558088763,89.59325111839524,85.73577718835642,100.80081679614959
2017-01-29,56.09076201927016,65.64036231328788,70.79998588681427,76.15938651282256,82.04111788161742,91.05463399359746,95.09111386622297,101.7621162041686
2017-02-05,56.6613974813239,67.78197595466074,72.8116906632842,72.90132171577297,86.33300895138066,91.71581869675191,94.1043309932656,103.52545939260233
2017-02-12,54.86006476071327,67.90348258900818,72.23085499440066,75.24910191811637,83.15317091734086,87.81973465763,91.44141506499136,102.02244798997326
2017-02-19,58.5554333265392,64.62911217801951,67.01743493469502,77.94493899126428,86.96115730014843,89.57622043253475,92.68062992882615,106.78770775209465
2017-02-26,59.43822698117519,68.26709681193054,69.36178069622471,76.73841606294665,88.4090278503158,84.7485596244518,100.00603127012108,100.37588775690264
2017-03-05,63.461406627199985,64.40575973837313,62.65568648038945,79.80128305276385,82.8382000424605,80.73295234586834,94.62923972279627,103.43975728341378
2017-03-12,60.23402200491932,62.5828691981603,58.86511831967329,81.29182767418776,78.72693300850882,79.57459173423548,94.8729513247248,103.42661938925743
2017-03-19,61.231033535319455,60.970344287557275,57.10308849485977,80.93158780877299,83.31091836409665,89.27861500788829,100.00195057943547,99.85474124228601
2017-03-26,61.04822343616249,59.809726923488846,53.016098591515316,76.74896606361862,79.64506403557924,87.38922157520763,98.65359014822586,96.28766831992118
2017-04-02,60.001321962380466,55.70682827133124,53.70617297500094,79.84360106050516,75.18700027272018,71.29305685399405,96.68931907754175,93.46189502067296
2017-04-09,62.11316385498625,54.93097865289522,53.432532498154856,97.43422989666936,73.23822202083592,73.18286210468257,98.49221530171575,93.59743316010335
2017-04-16,61.47663085488995,53.095395346531554,57.52069560718528,94.76526575125536,70.10915727298776,75.01005974621545,96.77956671313504,88.01580691447289
2017-04-23,61.078918770158914,51.58296934237422,58.10360570398012,79.77895851576433,70.69786993631274,76.88471309143694,98.92749297475406,86.86637684655848
2017-04-30,59.52937840330844,49.30406844451248,62.46924125628048,79.20520812729936,67.3796031127773,80.89777168894982,98.32396085647424,86.05241922247387
2017-05-07,60.196815236936686,47.30516214786918,66.26358622020395,77.27078222817892,65.69220648894972,84.18630736617995,97.2231010273654,86.53020654973605
2017-05-14,58.00907141401757,47.61539795179564,69.60927014848329,77.95131233645044,66.37355377939258,87.52814166346916,96.38654586377373,85.23806734325491
2017-05-21,58.166794553786765,46.965517446238934,71.59855483979152,76.76977252626719,65.66651257992685,89.36295560797497,96.7304499177862,84.16407294230723
2017-05-28,58.09704729861456,47.49501118494122,72.8871963935763,76.13086739398845,66.13197341798181,92.02498142208434,94.43038022232226,85.36893580704204
2017-06-04,55.32429310238907,48.40800307100916,73.30681250293523,73.94794429582666,67.71579774959756,90.98443938258102,92.3543637891552,86.2355533267306
2017-06-11,54.437513568727546,49.50346196113972,73.08834403777456,73.75651269232718,69.79958594283507,91.01051440317356,92.91676206224726,87.72220771961699
2017-06-18,53.74965285872222,52.43385442139149,70.33872073507956,70.81180729276034,70.26849821597817,88.6057346630864,93.91528440062024,91.87020476748575
2017-06-25,52.05213595374577,56.28003255677903,68.25717229662455,68.75947601397529,75.76401036779957,87.67509023303104,88.80602988721898,90.87391771285628
2017-07-02,49.74933656893387,60.08213241697028,64.47240446327407,70.38307695448607,77.44802359689209,81.27759779053552,88.52165957328961,98.13492745474842
2017-07-09,50.18140026918341,59.306715616444976,57.32471536693277,70.63661374703045,78.37044249500376,78.03554868335648,88.71067650660763,99.44962420390529
2017-07-16,47.61770106763998,63.759553922950374,57.6947815505287,68.29206585479277,79.68868758434397,75.5835098776724,86.74055493278044,102.49260295191431
2017-07-23,48.41456849597259,63.71327497067756,58.73138199357843,66.66412410677184,83.11489375466003,72.9666944659542,83.67115519183554,101.22329158411895
2017-07-30,45.395008389985485,63.34683849236486,56.3376391484491,65.36865451266965,86.70720208486753,76.01194941008404,87.26635758193405,103.59005046275587
2017-08-06,47.94389385960017,68.18166473424503,55.08375111452065,62.92116345579741,87.62991877656677,70.88429652577025,89.21683829493826,101.57478715106964
2017-08-13,43.55674887827146,68.03359035170452,53.94789000305922,63.37719610544969,88.94454539024237,74.0785759328227,83.35834490392057,104.47245117567624
2017-08-20,43.40297433951188,70.65953061869676,59.28686007915312,63.815178770947796,85.77074775485889,78.28468349615392,79.94040196350213,107.14284919777126
2017-08-27,44.34400446440556,64.6327939772986,63.0495502105654,61.45986153147246,80.24087039014691,82.82655892558354,77.79318190081506,108.6235336440462
2017-09-03,47.52063706135732,70.35107403221436,64.94557313095302,63.082721219382584,87.64562427451588,83.74030496940328,81.4580493696883,101.6931757027162
2017-09-10,49.07526679707702,66.76264274030122,69.35334549260968,61.58907618268317,83.31954189651748,84.21613084028951,82.8016461850692,102.00384751127704
2017-09-17,43.31145434356399,62.44293456454166,73.94764750761499,61.438405061170066,82.84657217703578,90.66763346683847,81.09750739005547,100.61025763052135
2017-09-24,39.69308006540317,59.86534728605812,72.45833760482175,62.046408934811595,82.10970771115724,95.14087633580988,80.00860489212023,96.09638591203948
2017-10-01,41.6146338585323,57.0726091442445,73.02004047404905,60.03521793754851,80.55817208653272,94.00328111114564,79.06716535713711,97.44529371098925
2017-10-08,41.74169704149664,66.45932890331474,74.40193733843608,61.587535954111424,74.00595200882401,93.30235534705896,78.61454693889023,93.04333268626395
2017-10-15,42.34073909504243,63.9636752248662,72.25658024600516,60.704905139187474,72.74673415850492,89.96108731408447,81.46584132046934,91.69778674277924
2017-10-22,41.28301188402292,51.66655821328573,69.85249008372064,61.784865566546564,71.94787830344372,87.23846176769571,81.84711803408422,89.53520267390049
2017-10-29,41.838340374474086,49.51960047091459,66.01776070838797,61.53138559935002,68.42455032252111,85.0412932861993,79.9799606251449,87.74045680803553
2017-11-05,43.5280909858881,49.43863991489446,61.6840534048762,62.059736234526085,67.61587999851393,80.3475405691202,83.48468349186987,87.48346019730464
2017-11-12,44.15446753122731,48.12218802565724,59.05055882618912,63.535039971287695,67.10828302978074,78.84964695721402,83.40749799544275,86.8083068861411
2017-11-19,44.994933030219684,47.9306320267539,55.57988898203183,63.134458983674044,67.55310467262566,75.13054690111747,84.99661283032422,86.75452748584087
2017-11-26,46.01383339062094,49.26980428798254,54.66063060845095,65.1542645228357,68.03573787226946,74.33088712313054,83.74587713078616,87.07040774746675
2017-12-03,46.47256824511777,48.75980627117206,54.98799294325769,65.20379270507367,68.88092666880661,72.52822769261616,84.70669062574139,89.24983417990649
2017-12-10,48.13919848221181,51.67949619867175,55.44626177083577,68.2510823404356,70.11500397300009,74.9305911471695,87.00462817369832,92.48785435705275
2017-12-17,49.37181704570807,53.45436077369942,60.262259412930646,69.81478015937269,73.92535549987025,76.2433052531947,89.00437398118,92.85531906260142
2017-12-24,49.71575952149025,54.34060902122001,59.105027629263276,69.00588869890285,77.00569204283605,77.68777691040914,92.17489268721876,96.49761563400948
2017-12-31,53.42577451114475,56.24064639247462,64.0230115716014,71.79680685121552,79.87580071184136,85.17276313400444,92.0497262621042,95.1166227272391
2018-01-07,53.30589754357965,61.77752140815747,66.99605782744264,73.7941084497407,79.48906375596759,90.72235456803739,91.7606148148776,100.25344265577195
2018-01-14,52.50503997562952,64.11238860882217,70.33552702185509,75.1589755659673,84.02016820801832,93.1991063783086,91.42938386751054,99.98822896500822
2018-01-21,56.01029026617661,65.06397592751428,72.5971303736358,75.27726963919389,85.02178198880644,94.75612969817807,97.29656278631137,101.00797917923173
2018-01-28,54.871476405720685,69.09519212234248,72.48041022194622,77.39463638408195,85.10214145203234,93.65029570925405,93.66855343865022,104.25569013790061
2018-02-04,58.445700515487395,68.2819992538028,75.86493399343944,75.88187880152066,88.90862210516302,96.14339385721752,100.7743127944789,110.20366974708143
2018-02-11,59.98489621780106,70.22425564964384,72.10746048805595,78.27292145380292,86.73536514904157,95.69681590491024,97.29036221078022,110.30374142182482
2018-02-18,57.887075853237725,68.87893875811834,70.8643638911008,78.09646954980528,87.28903780081959,90.76774839518231,102.70322674867477,108.58524477089951
2018-02-25,61.283600952510305,67.18493437164274,66.54742423850882,78.38994690480084,84.72165559980922,84.62606938568149,101.30397815012964,103.64643654417168
2018-03-04,61.087197204977265,64.88787214567554,62.574426643159256,80.52073439850638,85.5624965911536,82.63731783409378,100.09517141141507,105.95885611368966
2018-03-11,62.10478594611334,64.06736296262841,63.00485911427936,81.59174783931694,85.40447105885053,83.71363547823206,99.86358942971958,105.59417109265095
2018-03-18,63.71695298271912,62.638677349442304,58.889755919718795,83.25344073807611,85.70412416527823,77.39672475587777,100.72722333839882,103.37498270112687
2018-03-25,61.33233801498292,62.43204819477893,53.17974332135714,82.03303724271987,80.23904511992195,70.1459544005009,102.4543977637899,97.32364616765446
2018-04-01,60.93626383564251,59.22691151438261,52.70103506199693,82.59450969545001,76.99656319407828,72.93661480449471,101.95345039394834,97.0064596583662
2018-04-08,60.844011679664625,56.32671654220749,56.85126060025418,82.47473528343177,77.95231922145835,75.28934743594353,100.9906771853374,96.11094574886094
2018-04-15,60.793170861002615,54.50740660770883,57.16602119870145,84.2313891776544,73.36052891396133,78.96760138305507,101.47598612126662,94.73262003502384
2018-04-22,77.5610186605699,52.19654945454921,59.18999579540308,79.65729807679385,70.33261314300256,80.39891996621672,101.47420070734557,89.63321292250188
2018-04-29,77.32772494368187,50.39972897798455,64.72314147124783,80.24824923722952,70.52981877258658,85.10544550010871,98.96011675705331,90.44796218642797
2018-05-06,60.11717426247901,48.25201121695244,67.72122526267165,98.317571459036,69.1077226414516,87.4128908726967,100.80019193923212,89.69933049710706
2018-05-13,59.65171465483539,49.204016081800624,71.0826906600826,96.36196377195837,70.44492894087766,89.69668664756891,98.945615885299,89.8003468830379
2018-05-20,58.39777492756227,48.338891055695576,73.99910369379293,79.2511966482795,69.20809365058665,93.41847976426608,98.02183338643654,89.74613416071824
2018-05-27,58.22464255874946,49.82744031631375,89.9824761315929,77.91986913175437,69.39074101239113,95.60493879212078,96.63305200917597,90.33720221635325
2018-06-03,56.27147903907639,51.097417740542916,89.91502766218107,78.3778388950955,69.90845764920236,95.83832858161269,95.41807939016341,90.20984989075707
2018-06-10,57.154315132708206,51.456105298816915,75.49268544165983,74.7388376620293,72.6277482158858,93.33611642294636,94.62639522654145,90.52062331621599
2018-06-17,54.6734429333918,54.75471067998431,70.70735728700195,75.81242799270865,75.91828540153054,92.02683903938622,94.12232188544723,94.23984020799375
2018-06-24,52.2607748611434,55.87727160706158,67.68486390412934,75.44766606141485,77.04114780107534,92.95119677851291,96.62662501617743,98.58586720220079
2018-07-01,50.749107501938894,58.24946443958859,64.23307754454507,70.96125545968162,77.91359843103486,84.07009676055468,91.8985925185677,101.92887269679152
2018-07-08,51.164837215967154,61.37026675891016,64.7385444222494,72.2541440371584,82.38774667586962,83.5436273148126,91.92306407528262,103.38562881764327
2018-07-15,49.17145640458341,63.71286212072325,59.618405369526315,68.42004793927205,83.76336994235776,75.53297953369757,91.27650395975994,105.26670705390185
2018-07-22,49.25468657648054,65.3876936601302,58.23803965416707,68.90616170827185,86.71752478656917,78.97072742847891,89.68318526326902,107.29059948955368
2018-07-29,47.88073936901482,64.87816821173318,55.98517794872788,67.32194494795557,86.82870786138716,74.34364612429752,88.19787096744358,106.77541154675384
2018-08-05,46.08247551189591,67.89411610412581,54.84065258105536,62.21547334571896,87.9229504847127,77.39568350235355,84.60278724393294,108.98569271386211
2018-08-12,43.98166988029516,72.43744167109175,58.54372395639556,66.71401967952059,88.45188342594545,75.15129124391109,90.00253641711888,114.21287204519358
2018-08-19,42.13814415217889,64.12464595239626,57.19425347506868,65.35372457757464,91.35097987523046,81.31218084979731,90.07162326441325,107.64940728893785
2018-08-26,43.014897022604146,69.55414870229907,61.378038523775786,67.19188986831769,88.09363941219422,82.00666582443293,81.1192568625467,113.57865410906989
2018-09-02,44.264239733040874,68.69117430604089,68.17687306564662,64.90685138340022,86.87136995280912,86.15143968966468,82.20278679123905,107.73712041711617
2018-09-09,42.85491652363622,63.481630958457586,68.23850942549927,67.29542574879478,84.4750406488032,92.05002893162961,83.49370216291038,109.99154662184527
2018-09-16,40.68538120863701,62.870861388180955,72.99548739464265,63.18207122141459,85.08054455670103,93.26952168927093,81.89872690299777,102.1399336006533
2018-09-23,42.206814639026646,60.04064975885847,74.97734076241393,62.679306444993266,82.58175575254495,96.62900802840053,84.55932453057437,104.02837742999948
2018-09-30,42.33531737972884,60.93936191504313,75.2156055959954,62.56033635406777,79.12172448571597,96.41373802203498,82.48476447614942,99.34749076888909
2018-10-07,41.25481428755831,57.594986977135335,73.16898018538284,62.40982623653417,76.5325489721849,96.19928872735291,86.84249550264047,96.1687803978061
2018-10-14,42.378587122256114,55.265034462657475,72.81575950986654,60.96740109025562,77.21908017615162,94.81760569114033,85.54283916130075,96.39795199328054
2018-10-21,42.6687465315375,52.41748321612023,69.92550280196431,63.378494988190226,71.50902821858665,91.1762829145823,84.73718589714477,95.35588238471327
2018-10-28,42.462792502792425,51.59955570792091,67.28937719681963,62.52340579906582,72.126491324324,87.26609180118015,86.04246326461424,91.84482809130378
2018-11-04,43.96068020473513,49.645013077570425,63.67744573455544,65.08307665139992,71.61256423523777,84.1816654193484,86.71237413238171,90.29287407077885
2018-11-11,44.80732915676592,49.845898338144586,60.5777828674048,64.74297639496615,67.73485604609861,82.28224235023634,86.13044507813238,91.07427400535556
2018-11-18,45.9342473706658,49.03053193536558,57.421612356664234,65.86321876294501,70.73286242368604,78.97792642855765,86.85103870780384,91.15804935286702
2018-11-25,46.91049356710942,49.311977688422985,56.714631841296516,66.97596039277809,70.63564027199887,76.79572947864271,88.59592940693604,92.38619634573384
2018-12-02,46.5819987427875,52.02249606590869,55.09404424146783,68.35598057969487,72.18112783559788,77.66739374518987,90.44409597577265,94.04019625271583
2018-12-09,47.87707260637616,52.45344368793669,55.8340418499118,69.65991943893816,73.31628276005586,78.91500011419124,90.95267648645124,94.70125722943227
2018-12-16,50.06220421278724,53.713819609910644,57.397323007540315,71.9290780004088,76.80848692618775,81.32753031631535,90.08994243162334,99.25417283645191
2018-12-23,51.316940635286876,55.86597537212537,62.13648823242732,71.4136818745699,78.40438033293685,82.58270414839667,92.15381685921372,99.50242896901628
2018-12-30,52.595047686306074,58.1627634596791,65.33604213079384,73.94418997708911,80.58440784534811,86.45641350857127,94.44164341824903,119.48697027251504
2019-01-06,57.60910779121178,62.613191784211914,70.87656495864105,78.54029475464388,81.43417379685421,89.94932317069824,95.69981546414154,119.48156514900282
2019-01-13,55.19670017807827,63.71321342728817,71.97196235692566,76.3976989065825,88.39476222014012,93.56455363304393,100.9825729716496,115.96667942231628
2019-01-20,57.16812416356768,69.21708722158503,75.6213811043946,76.67361568021015,87.19973984897771,97.59096617621981,95.3632041556643,117.81948609763378
2019-01-27,58.113797513625386,69.3115476878634,77.66464260930888,76.697535567827,93.354698034519,98.27418243478942,100.62904793841535,112.49412486324303
2019-02-03,58.76656941877439,69.02524995049589,74.89080359344351,78.82990940983291,93.96037564493493,98.31536907210096,104.08710439542297,112.54394983317451
2019-02-10,58.299472049325274,71.51788988740823,75.18502875541591,78.46729691603599,86.90162803628337,99.10897748624195,107.0494568305636,109.04700657025545
2019-02-17,60.77079444237973,68.41148867931244,73.92973394748846,81.60772401495784,89.30504492871633,95.12688497252658,101.56691247609096,112.56526988717299
2019-02-24,59.25571138022425,65.67605787280372,66.69273992978992,82.06737608261852,88.01973479507036,90.04101408842357,104.50372139963079,113.30547408887435
2019-03-03,60.69029270354685,66.03337130591426,65.34672784738345,78.56701877266762,88.98457916574345,84.30806663414666,105.33129969317015,114.25640535194832
2019-03-10,60.88387109600023,66.20684446063353,60.80296354780397,83.03803796718334,87.88013510304289,82.00557353308469,105.02663588971151,111.08022871857213
2019-03-17,62.00031671852882,63.72555500267714,57.34801706106189,85.19347996388817,85.99392528573584,80.17111960987812,104.84451732790865,108.7612166428031
2019-03-24,64.71871433389522,62.80852610391814,55.185477303204806,83.14615941639426,85.04552544234438,90.4146142468997,106.1081179561416,105.10752542547971
2019-03-31,60.342734807408256,59.28292484052217,55.20122171338556,82.99123419586498,83.1410158770324,88.39126621503341,101.4184062636485,103.34013040921985
2019-04-07,62.75123252468826,57.77122252063782,57.37325285121545,82.23038623013878,79.89925172467916,78.1033221189484,106.42781599459707,102.23682950728333
2019-04-14,60.70143552070316,56.08019210966609,57.72103721864957,81.77527229103904,75.89993469409467,80.05099741966576,105.47439258361437,96.45351336266415
2019-04-21,77.31841267321747,52.75488088846708,61.631015591563155,84.0325802257004,73.83694442740813,83.72300513132208,104.7922251079637,95.89168952654755
2019-04-28,77.7891242229471,51.62953956993582,66.11891895966527,82.71571835729361,73.02243684884006,88.08028048735936,106.53191211945551,93.99723434136988
2019-05-05,60.524067247064835,49.141986857626755,69.46007027261405,82.80426243442626,72.26750483515274,92.22396393154396,103.47480364511978,94.07306069917757
2019-05-12,59.21230610631335,49.54427274108354,72.17002209482622,82.56772521392962,71.29374234720143,94.14519580522317,103.05029558823155,94.28622435737717
2019-05-19,58.55096704307681,54.08585005281199,76.09104475427526,81.35440358395711,70.52420480410473,96.87603660224147,104.1960857568652,92.80178339282456
2019-05-26,58.33252774937308,55.45035892241252,77.78904999395309,79.46519595402452,72.60830518185521,97.47979702472223,101.00174204750753,91.80604754571172
2019-06-02,56.51740506576568,51.522937877753364,76.84553665501114,78.95806424653564,72.94692877234984,100.43893444670744,100.22923606952985,94.75774944351238
2019-06-09,56.00073816234602,53.15985628056393,73.80447680168854,77.25182952648352,74.52338002671453,96.30983354397868,99.55880490462756,97.88679540202438
2019-06-16,54.7481393377814,54.587351681881394,74.40779260804553,75.96633438118388,76.89407637846642,96.90034608050767,99.66576477797742,99.61436740177533
2019-06-23,52.96173553996605,59.492626323663075,68.11266794538999,75.91769983876976,78.96117297130426,92.04361790311903,97.80806649824822,101.88765905351887
2019-06-30,54.48394408932534,58.2851763371926,68.791375332864,73.2780179519464,81.18689852228303,88.14095025923945,94.31179944455639,103.24401138681336
2019-07-07,51.85440559573006,60.45614925388871,64.95984431466523,69.97909111092928,82.1365333864291,83.68971484012013,94.29127847788509,103.7586261145617
2019-07-14,47.47113542711062,66.61071667398777,63.072539020239304,70.62396820290368,86.25357046747837,86.98385048155194,92.92927492097914,109.60678089712847
2019-07-21,49.07222648476927,65.33965664168791,58.67131120685719,70.40273073827805,89.79166310205436,80.80783426389034,92.87943183739343,108.7027010094958
2019-07-28,46.79866202320837,66.52307304589009,56.600799544948714,72.66444249799567,90.65279868860056,79.39796700697242,92.97448810172644,117.51065802283797
2019-08-04,47.960305374405166,72.84765853076408,56.667949342800306,67.9427614295037,93.2480887035132,81.58251223439497,92.03130508174104,114.8934431614803
2019-08-11,44.58288149418494,71.34957835810138,57.98928274421716,68.9645992681492,90.4008625335466,79.70934668590378,85.91670450811759,112.65003411236482
2019-08-18,44.753206135008774,68.76860611027807,63.31098425225957,66.82748911380365,89.29968887453006,83.7834958376393,91.932145026281,112.65184539393084
2019-08-25,44.93123427414201,69.54127650672184,66.1211603916654,68.78984870235557,90.94506084975913,87.25085429475912,89.30319627338055,113.4782885841909
2019-09-01,44.79744621594585,71.11107844213244,68.69900381662427,67.98864162130951,89.16605261413375,89.70103244799948,91.28224904920415,112.09514510647634
2019-09-08,41.491569294028224,67.52425547089945,70.81327727773872,67.44583164548092,87.8798673224565,96.68331923321405,88.6762012772742,113.67935211554502
2019-09-15,42.32835535221225,66.29073166543175,78.72327625966857,62.312618725556305,87.26256482621751,96.78091553569834,89.61214679680758,109.63777633566774
2019-09-22,42.001135021538126,63.304371243519455,77.9560192857014,65.21380951718687,83.9045673507449,96.50169772499224,88.12870503824361,105.68055539146197
2019-09-29,41.81667076742629,60.96327868054895,75.4927456962719,65.86662018015853,80.59990411511109,99.36775395471868,89.44396120992441,107.9737491647649
2019-10-06,44.10711507215947,57.60532827692973,76.24478409856745,65.4295610899233,79.3178940743351,99.55920616491436,88.16852607034136,102.52063730301307
2019-10-13,43.091461344031686,55.34235096080499,75.81342803242808,65.88586035780709,78.16822796581198,96.39628788826853,87.60032021856554,101.27609275765155
2019-10-20,42.307013978576705,53.56513090269632,71.50590043984738,65.70054286121965,76.497154458234,93.83047172915929,90.58021076385974,97.67761781660089
2019-10-27,44.195608903750774,52.2656158833232,68.9836333742233,65.61563477543385,74.86511504289555,90.78315002659636,89.55256857286223,97.21344535060464
2019-11-03,45.42019228121491,50.52388815788775,65.77439292694808,65.675363593829,73.56627743869961,88.70229046349291,89.89898413243908,96.09146559735578
2019-11-10,45.5648890656666,50.20053037382792,59.8614724096383,67.21221288647871,72.60438791940724,84.13132006784612,89.19640442810618,93.69499834047343
2019-11-17,45.14354947575833,49.98097664731618,59.324866091307044,70.28223701903116,73.05841772406333,83.08981400905981,90.11061275318971,97.11838468378481
2019-11-24,46.61150182151802,50.81759892416146,57.89662514527643,69.18316563342121,73.3682768213104,80.09939765460337,97.57947178531528,97.21817565239382
2019-12-01,48.658355711098224,51.080317765162995,57.46190170176308,69.0937162386349,74.66334252630708,80.7198214206594,98.57052238309484,96.8527818398924
2019-12-08,48.55091749255434,55.4249031433843,59.0974373774849,72.37060164395314,75.33973817493893,81.11801095340009,93.78714589579651,97.67621389314813
2019-12-15,50.52753619903923,54.89387199020987,61.71445818798119,73.78053251069728,78.29992043019473,84.71706823086608,95.84000133461008,101.44633107772798
2019-12-22,52.066576219337975,57.436813327291816,64.37401525310187,75.62790492511567,81.02354155210115,85.5172552893432,99.16228963544461,103.45659354623042
2019-12-29,51.673069528421905,59.2988091670897,67.3514071271407,76.01227205481881,83.47757823881557,91.71428921936587,99.31264395928046,106.40463721255746
2020-01-05,53.74871877142745,63.37147807852919,72.22603214212667,77.87618646866242,83.42494357668951,94.39729101927273,97.43130421937344,108.63780856746322
2020-01-12,51.01874328294713,64.62153099558522,74.56376842711178,80.82131342186969,87.91331103674993,96.1681745868607,100.51328593075829,111.66781403287129
2020-01-19,54.812013901195755,65.47952089233054,76.37593015794431,77.77561209433682,87.08954804758862,99.30255910486862,100.2410692909991,115.94742629364158
2020-01-26,56.93073381222695,69.52974278848043,75.62436262156659,78.47532276684241,91.77303911788869,104.01462455434687,102.25165523337394,115.71302291384112
2020-02-02,56.49951551410327,70.92808913606794,74.90756786838091,79.1924384401133,91.1592571925868,100.91285006985305,103.25947250982983,112.93151987910811
2020-02-09,61.73389248013503,70.13701098762893,73.81944873046513,81.75423543243011,96.80023368007757,97.61254338196227,104.10766324342175,119.67317959068512
2020-02-16,58.01510908519221,69.17476714039994,74.19042217817136,85.95348787920325,93.5268911398131,93.99667525874698,103.1701036689917,120.46048823963756
2020-02-23,60.26406980095666,73.24711030016663,70.29389819767002,84.9572666627159,94.396163014721,94.58568395660748,106.690103807968,123.65379948346421
2020-03-01,61.72909952668021,69.13784164779359,64.35734232173958,85.51128043016071,95.85111023702979,90.3492841768391,106.4184912053987,112.0539739590629
2020-03-08,63.96930620326875,65.16507549231292,64.48486331790221,82.00088631821043,88.6074376836098,87.94096230033914,102.00897748085505,119.26686455267262
2020-03-15,60.64991681632422,66.98410178018025,62.67726801990465,84.4388843110912,88.94890435430925,81.07190811930211,112.72742435053802,112.4510414048803
2020-03-22,63.94943414614658,61.77916425207185,58.00570789461243,83.13518776148149,84.13421627327726,80.00104167705724,110.91756789417121,110.2060308778579
2020-03-29,62.74023306101958,63.4760661742969,56.10082177115795,87.44261952611801,84.13285581154987,83.10031879887785,108.50791884012001,105.90805949311648
2020-04-05,61.80302528734735,58.163982145205274,58.12070894238358,87.70177365328138,83.48304300992746,82.52737860858606,109.13359626585355,107.40543710643361
2020-04-12,62.814146552337746,56.708414625816,61.55199267872035,86.4873711501761,78.42798609470566,84.6290809934769,107.52036715841186,101.34190712761337
2020-04-19,62.24322162518899,52.35937282643548,64.07275856305448,84.53267468814047,76.33968484449792,85.94752241923945,110.4837412214526,98.52927746748104
2020-04-26,61.271327782342695,51.47886134459174,66.45320230500926,86.06839710749341,75.54504186035716,89.5486548776081,110.03107178037654,98.4586790687712
2020-05-03,61.0470077023071,51.9911339294165,71.70517081415494,84.17452562127252,76.07497110071904,94.8649124205796,107.82333967930107,96.101554542394
2020-05-10,60.0810459983069,50.82898402142685,74.86551379469441,82.8499533451346,74.56657372227522,98.20510891504637,107.83990214969229,98.03600070193521
2020-05-17,59.488399089661755,51.80441954471502,76.18682835727408,82.19979328156391,73.43485250991918,99.20764773786371,106.37247843593444,95.70479240628659
2020-05-24,58.843226674103924,51.55402455673342,77.66446310618133,81.62287607780742,75.78456869352208,100.54753657600743,104.21177476299793,98.15559840561848
2020-05-31,58.40061541122123,52.50422015118351,77.96842791275374,80.96516228747285,74.50653624960646,101.75122698204622,103.9994535206999,97.25138601079694
2020-06-07,55.54864512359538,55.28873445055898,76.9376152412428,79.72584554691753,79.51819565962963,100.03308712991557,103.4971460780428,100.6448043717168
2020-06-14,56.87055499955911,56.88573023994695,76.02682996900643,77.34341253567327,80.47319049788256,97.72682766448928,101.71487137904583,105.21735262141203
2020-06-21,52.3368615972759,58.116788646523794,72.54537099900799,78.99394047989864,84.03039092894872,93.99358731302331,100.84738328212757,105.94658238630936
2020-06-28,52.70821490496439,59.516485489451746,69.6324945232207,76.24421230473207,81.99308264826239,91.45734922757944,99.8737607079854,106.41206087155965
2020-07-05,52.32334716547221,60.212218783596995,65.96894611520818,74.23572507343167,87.00876026509627,104.0999133198286,98.73974320770746,121.77086977716472
2020-07-12,50.83312694090564,64.8139331255537,77.3951378446515,75.90562553083444,88.81623232258704,100.98913513508884,97.86988552709659,124.20208375876764
2020-07-19,48.514788529319716,65.67358085261527,70.97353922676487,70.96543983755593,89.20402968592454,84.08143030918667,94.42433402256205,115.82109827794753
2020-07-26,47.959005402116276,73.0631417218508,59.41715885573676,68.9638533196591,90.16878102008582,82.35604346540515,94.03346826310361,113.15001241840851
2020-08-02,46.5058696572471,69.12029532031521,55.19246140829329,73.38695389353586,94.94196663842855,83.817926930261,91.67313198474649,119.10847781443599
2020-08-09,45.40687484849829,69.6515865756259,58.16540256102787,73.72801599870394,95.77927463202151,80.5888535943227,96.14982723581365,111.4076504312865
2020-08-16,46.716198385892575,68.28313507125885,62.974943897282365,68.3359952620818,97.30039944699388,86.92152987422774,87.98362188743864,116.76478681489156
2020-08-23,45.234084466162265,69.80025730014667,67.16330927786436,68.44246157311989,93.01587814895734,94.81586578226283,95.05880645709563,116.65203451715152
2020-08-30,43.117403439496044,68.09805439735007,69.88291228432726,65.84137935082455,92.70000511241109,93.11717738991254,94.92635332823943,118.3495293589978
2020-09-06,44.80770997895429,70.09650922097761,72.62092993116428,67.49934534089891,88.85406433724428,99.05453754551095,90.7260423986867,115.36245500846617
2020-09-13,43.63928595067074,65.81561762216353,75.81922312195192,66.40846866446152,92.15555906622346,101.81353072325159,85.94777198543991,110.4625564661207
2020-09-20,43.9630386968305,63.342239503245,80.13012880474841,66.84425767891871,87.4021747285109,103.68325202356694,90.28564053815074,109.3583026873967
2020-09-27,43.619628841923614,60.83185997050921,78.50916138654382,67.49203590387643,102.1479245884101,103.18999253058598,90.8273053419379,109.25775601623066
2020-10-04,42.343111993962324,59.36815658403337,80.19807982083908,65.81614435704293,99.72724655448557,103.09768646871721,89.64943569459729,106.48851262138022
2020-10-11,42.87056534050206,55.9908213563305,77.24652909011658,66.96951945834937,81.9708616652399,101.34999204163482,90.72777953665897,103.67701982743296
2020-10-18,44.169357517311276,54.89935840739155,74.0742345070822,66.16240514017592,77.69073804077367,98.40436676831094,93.42638420500917,101.98237998899387
2020-10-25,44.53464756856486,53.87497902648982,69.45243710991286,67.99385299894533,77.49491081954503,93.39895238847656,92.98154374189565,101.70665216106275
2020-11-01,44.79903141202651,51.99932240035938,79.28343872811635,68.86548259192426,75.83119386693849,89.48309080107423,92.26244472953651,99.50120351896597
2020-11-08,45.62398393430508,51.03455760124204,75.12991740029491,69.86481629537747,76.80763213507758,86.44566934521661,92.57749454526353,99.39748775989634
2020-11-15,47.072263673294096,50.66468523001305,60.228272199865266,70.76563357759542,74.78459791572824,84.92606401888783,94.52525210395638,101.41080544762141
2020-11-22,47.074345572487346,51.62868615595684,59.828283896522684,72.22508351349965,76.87312259642705,84.18497356963572,95.62749013037093,98.9210685218715
2020-11-29,48.75473950184455,53.29467544675552,58.33273031508577,71.49483026224908,77.45881188968579,82.57797883977938,97.37999583896799,99.55745988410615
2020-12-06,49.40879774172013,53.42193282412242,59.80402573966566,72.52242057437815,79.09751136200633,85.61186612137018,97.51142890261727,103.97920219548213
2020-12-13,50.5397429035262,57.254924859613475,62.65945498290894,75.53470631788393,80.9108240178133,86.39042484008235,99.9350781135744,104.26714905807285
2020-12-20,52.87193279331537,59.027890581556434,68.12751504044324,73.90115452944076,84.81658075092,89.46326134330707,103.2903895218665,107.01057490151193
2020-12-27,53.94541634898801,61.075891924265385,68.53570109304897,77.71829027573648,85.96939238150347,92.46583950618056,103.14480163591081,108.63203415717709
2021-01-03,55.24621923802578,62.84100751304863,72.32039401284221,77.00738529830664,85.65360364100141,94.16057515723979,103.02921852436282,111.93864829679147
2021-01-10,57.141978576178175,65.28145518341431,77.13424327774678,82.47291589189439,92.45124881337416,100.8951234669304,104.0120244748949,118.11619255777467
2021-01-17,56.72401677370652,68.80611117151969,76.32592027334249,81.5795894336154,94.31289938677043,106.17534340060556,104.83615742624924,118.64696808442882
2021-01-24,58.76980283806967,69.35077217066315,80.15710990258263,81.88509368039148,95.19007480565033,103.7544130368083,109.43357591825082,120.57877526236004
2021-01-31,58.39532848222798,69.88119275775234,81.34306703496718,85.70284493263841,109.8253222820488,99.65569272855903,106.39770734481392,116.17701042658446
2021-02-07,60.29629434229602,72.05833950956077,77.21841130693751,82.28263237823889,110.73213481726225,104.06134280180892,108.99949730443595,117.43878093857256
2021-02-14,60.48036734485681,72.14356397223519,77.09323608178961,83.54609798598376,91.94404075269969,96.17373694461314,109.93768381394679,113.22503322725176
2021-02-21,61.572181025300864,68.73367042463514,72.50640279800925,83.62328488191191,96.29591538519739,93.93175494802914,109.45164285395687,125.74351530570229
2021-02-28,62.90461959677291,70.53714309129519,67.18701116049616,85.10726559995567,91.61301042169448,92.55001458614585,108.2250017779947,129.01804952639472
2021-03-07,61.48065140637397,71.73550763952004,64.69670139501197,87.33595536350515,89.52715546975101,89.91812863800673,112.57825900174878,118.56141476471791
2021-03-14,65.51799587589626,66.74384860334374,61.64329448892718,88.42076368036578,92.99697837894749,85.03033436592729,112.19913185184558,115.02315817914157
2021-03-21,62.04069350051162,61.78061924672648,60.25208773903427,89.28649105699958,89.79729421505667,84.62408893107586,113.50324579627645,113.2707098744249
2021-03-28,81.55572238477578,61.69511293102364,59.933261479063795,85.62785873902902,85.78355966923684,85.57274360114103,111.89623950969732,109.82889457762194
2021-04-04,83.72653357553898,57.35392498411614,61.05121822020904,87.77040103668001,83.74163375354682,86.33515108342561,114.46667349099997,108.99328175044091
2021-04-11,63.58712886905987,59.567304063067056,62.79346046431391,86.68354761216537,79.11561043503428,88.57589155249535,111.52254579853722,107.5122281787556
2021-04-18,63.04734824783413,56.57262597550788,63.24222661452106,87.2917740470962,80.6266762749163,91.94726217869999,114.14119271796018,102.77256734959553
2021-04-25,62.514346657630774,52.91906015484859,68.59591321254766,88.80033658227653,77.64941206384906,94.24957279627354,110.23896316163518,103.38994797972583
2021-05-02,61.52331735185586,50.934458072951486,71.32865075044774,86.63187688227892,77.39606565624425,97.02004099228236,111.70025710447237,102.89391136661828
2021-05-09,60.343209298673806,51.20628473291587,75.44400489856378,86.31402248598424,74.86821658122953,101.18983183443407,111.03822516770347,101.19750344720215
2021-05-16,59.98940521179367,51.61264055815703,78.11502336696802,86.19496807981072,77.36219818165269,103.50242799955748,109.23014052265961,102.23284934124712
2021-05-23,58.650064355393724,51.27784162581523,80.32316746191421,84.78104930878786,76.73860035732329,105.09387262898997,109.3522255877314,104.8377646490899
2021-05-30,58.561097549896736,53.40547900349155,79.92582090658274,82.66455005039822,77.33642457907888,105.12353076795257,109.23204301499604,103.3857701628637
2021-06-06,56.797750029791054,54.930850101258834,79.11248587371139,80.83738871494931,85.95554444704482,103.04008190881102,104.62515696873146,105.61570620857235
2021-06-13,55.119473283986395,57.1784491880331,77.44176323309958,80.80307477385641,87.66640108939524,100.60741713853233,106.53063860552837,106.26961463204616
2021-06-20,54.2924372939942,59.569226323317935,74.95305937362504,79.03565885953464,85.78085566801381,98.63780299891623,101.28347650011807,109.83810052752395
2021-06-27,53.7929314542756,60.69782064013517,69.99238329197165,76.53812232739506,86.31144682869378,95.5033651137695,102.11493631436285,112.82246176246996
2021-07-04,51.55345458672809,63.122071757841624,66.75048962898002,77.7053128256735,91.47908739935967,90.65283910331551,105.44320740596929,114.88402312181385
2021-07-11,49.99357052638466,66.50903635576576,63.58359621677018,76.6328118350957,92.21682882908777,89.55133895041735,100.25969803010034,114.7109550399633
2021-07-18,50.188435596798534,67.52700139137642,60.50843518555929,78.15634472977789,95.34849455207457,90.76144086262414,97.82300206455679,119.3783582850676
2021-07-25,49.118536618523926,71.47885235823021,59.03019133894482,73.36895493027069,95.32555755518058,81.89974815104054,98.845748267262,124.09843087114541
2021-08-01,47.00540930577204,71.2681055244798,56.5797685859965,73.57375706994524,99.11362206922917,87.15225457488717,103.18482348537815,122.90940269436892
2021-08-08,46.10393315896005,74.87686519171373,60.15688170117603,70.83423074861004,94.71036621381657,87.26207921600954,93.063420044999,124.89419419885887
2021-08-15,46.31212147167102,73.17759453171128,61.47559796571369,73.01343475577681,97.41512018656103,91.03086319239723,94.14788091669674,121.92417708894492
2021-08-22,43.10508580952692,73.05184240052039,70.19726012092299,70.37242042469875,95.83568050785959,92.41872737576358,99.50615039101861,123.90098640249111
2021-08-29,42.6288159800205,70.37566618800282,71.93450401345311,67.87380506797007,98.33970042394428,96.71612327834644,99.63085073821979,121.65995197025259
2021-09-05,43.17318503099611,68.82171672119959,74.88599716099151,69.54651744935511,96.8257053243798,100.78588840943674,107.59763510313712,117.31869345874286
2021-09-12,43.51753775532401,68.97420599378378,76.89406606347178,69.87622686838688,92.09795852161987,102.8675244650439,105.08560185947167,118.23453790655154
2021-09-19,43.92102134991403,63.92724219398953,79.89017352923346,69.44447576084157,87.86868591537608,102.79643343421698,98.32751540581671,113.5055430511116
2021-09-26,44.985356216949555,62.62145728958184,79.5124241468136,70.39966573014465,88.14793624350841,105.70912745403332,97.12110782679873,112.00410353269592
2021-10-03,44.34794519099187,59.38902521827412,80.09399747491331,67.49569064755703,83.1552467572407,103.59974305054814,95.66924031992515,111.05018863433774
2021-10-10,43.697806866264365,57.185931385984794,78.30146929560335,68.56958376499134,84.75037383010606,104.41723166685199,94.00277182469883,108.98066768795105
2021-10-17,44.17712640441021,54.58930440469666,74.5762931078928,70.36579374497016,80.6259741752297,99.0167279886917,95.37740060126764,105.33739417144288
2021-10-24,44.105443124920825,53.389488087143235,71.23357603971542,69.79056510586032,79.49497423816824,98.41342390333223,95.84444262134278,106.22463586019416
2021-10-31,45.32030324649902,52.22611203465242,68.90167936748985,71.17662502457803,77.94219628846376,94.30995157059444,96.972042353465,104.647638359297
2021-11-07,45.93951087558937,52.54219759372714,64.99740531496452,70.21059037375915,77.2870616461696,91.06676391271021,98.67415721612952,103.0295245645621
2021-11-14,47.11130918858824,52.809195869355115,62.03813237253531,74.4670101900565,78.49277815927316,86.61509374837446,99.13743660279576,102.3964350663522
2021-11-21,47.46885877347276,52.77433663104933,60.82383190977028,73.49264272683742,78.48159064385659,86.56811702756684,98.53144211468192,104.23866470352588
2021-11-28,49.258407892789194,54.11881301931768,60.15921993196779,75.66621703748758,79.80516318467471,87.69123333445523,108.83321431849838,105.12401083686323
2021-12-05,51.08849309138748,55.47666389264294,61.92155001943272,75.60119693439276,80.47931795141066,87.28545330115197,109.0431657547083,107.37734009404186
2021-12-12,51.14335488925894,56.90814726420012,64.99484121972993,77.50068343426062,84.37276980199748,88.84743053914013,103.79071231365518,108.83890637320282
2021-12-19,52.77827696573266,60.70183850768765,67.31471954297953,80.02205290589697,86.93729912561767,92.39321983210486,106.2703256123381,108.6425201851921
2021-12-26,54.3301439917111,62.99778816313539,73.75636013241048,81.07554782497088,87.90750011836856,96.73758356604101,103.7014716007783,113.459810204888
2022-01-02,54.406137158789825,62.36225231422393,75.06218311904335,80.50777129743025,92.63065116886246,99.01618348130285,106.69118697888959,116.0114356295628
2022-01-09,56.32931960917498,66.58344979688029,77.95129101607466,81.81646973742947,92.76758566945692,115.33129808812585,106.96524596477697,120.25476087977195
2022-01-16,57.2328164243472,67.67930573375142,78.41320826523014,84.96325241998537,96.43483575344617,115.20470514747468,105.89572730192366,119.4107439149899
2022-01-23,58.46510074558105,69.98285135784026,80.56306309783281,88.64859407095227,93.42278979559849,105.83081626174898,111.19023705877608,126.69787945009931
2022-01-30,58.23624933162627,70.64791228046474,79.40756720471208,85.80747676946785,98.52629016051694,103.98481988282853,117.40781488597013,119.10107077046598
2022-02-06,60.36790249041316,72.25068128047936,75.44115124302078,90.23822570315328,115.18582744167863,106.51719439992038,108.12577298639779,127.86243995616796
2022-02-13,61.940289434458975,71.80405242543922,78.56005738602953,86.85549350025121,116.13035628075467,103.9768720801025,113.37782230479176,124.03646557242142
2022-02-20,64.07940368861031,71.2233304249466,72.6524872301533,89.92595109297761,98.17756068771973,97.96929713743646,115.77384179380202,126.25462365480496
2022-02-27,63.938563289062586,72.40921547549927,68.69667491256641,90.79511447446103,97.12823265790254,91.43979262312641,115.24251847854697,123.26132521561297
2022-03-06,65.95725692181696,69.927335896162,66.90923257671089,88.60050860743797,96.47900717655047,93.61320085021819,115.28914332290431,124.13078632547409
2022-03-13,62.51376851462977,66.1930337200375,64.5227942315025,88.51254674956306,92.42213413820456,89.66957853299601,113.39765123307383,118.83570271193628
2022-03-20,64.6637893740255,64.22893216730753,61.49884790832404,91.63426590953335,92.08520031294512,88.77426464613431,116.66411514090406,115.3820224047497
2022-03-27,63.95334200573836,63.080972360939576,61.30687799886918,89.38897598158403,90.57553483636507,90.55576180045946,115.17917763677451,117.5748572883608
2022-04-03,65.6348646023873,60.64175408892753,62.7781178608845,89.02355461774985,84.76887413209415,88.29440576795828,113.30248006706661,112.67701030085487
2022-04-10,62.878937360469266,57.422934883946965,63.55309439065929,89.18687451091832,83.46392669129088,89.6632291269782,117.70664197826976,110.9618988315661
2022-04-17,62.58885987475827,55.79672416617156,66.99527815696997,89.08473035839894,81.67764152408478,92.00239672287361,116.97515785662227,110.17187849568536
2022-04-24,62.31181284935597,55.585707619224536,69.05285858568288,89.74992415591443,79.92041247346766,96.37883908051971,115.57320489913805,106.2177275668858
2022-05-01,60.91888143462664,52.946272270208325,73.05996590029261,88.86637151182254,79.395955783138,100.44141584472551,115.16500731665737,106.74889748671818
2022-05-08,61.050313297842344,53.791516336927465,97.04696304104024,88.27367701114112,79.95136703781657,103.70091953609689,115.16082828219506,105.20784486862848
2022-05-15,60.088892785725264,53.36435391345613,98.47838724292043,87.26712047623761,80.29361028314261,107.57186216607337,113.69200685877631,105.67974819282122
2022-05-22,59.61073093721064,54.360484742293046,81.40902978505244,85.6695678846096,91.35175244891656,108.2080566898091,113.40085867702997,106.51526710865618
2022-05-29,58.708357869146205,54.0829260177115,81.40327677797656,85.62055757098588,92.17578227286607,107.96809164048884,111.38711864040734,106.14924380575061
2022-06-05,58.67015401253391,55.98483722672181,80.17221144148627,85.0535660939277,83.47016102058552,106.36612163521501,112.03921793671022,108.44374526144306
2022-06-12,57.00273849062772,57.73349334639897,77.50807476719555,83.49644990119859,82.21222604369154,105.2182889685706,109.94715255628643,113.15589854847373
2022-06-19,54.58749418768321,61.477964539505585,76.17668530585411,82.2799731748701,85.75635801207532,100.68833257780453,108.70869817649037,115.05310085968394
2022-06-26,53.0015853286517,62.175547850060596,73.7758693854238,79.60282914145817,86.24971743062002,98.66974661930688,105.26790225806083,116.0935127185436
2022-07-03,65.40470661250185,66.11373891239248,68.58728613677889,79.74294464433902,90.27264999352502,95.73255636070715,106.67870098904422,119.13592228652878
2022-07-10,62.04913093009792,68.4067328724294,65.60568362140478,76.97275927974033,92.92389161009429,91.48865231076323,103.40641250652898,120.3907893468716
2022-07-17,52.822650798064885,69.42087689007765,61.845161646996694,77.13235819294042,99.03590024597327,88.4665421606889,102.60409097646927,126.1420623421107
2022-07-24,50.95753849535431,73.1261911711939,59.8669733465313,73.10297821166955,92.4737352907028,84.08611795235846,101.09133448485893,124.26908537852381
2022-07-31,47.58083345288852,72.42398561851597,62.070601227095906,72.0048220032441,98.24404219681425,91.50846635400747,99.4658190577742,126.52855368708501
2022-08-07,44.765316963725,74.21998539349119,61.90167181350707,73.83713584148977,101.02501619654728,91.43538183367416,106.17583120418294,129.5223631359847
2022-08-14,48.51076545256953,72.052812001767,63.04640889589234,72.32803434097937,100.63752685156126,94.09915305767579,103.49234069848589,124.7096091809868
2022-08-21,45.58207318793785,71.14234808687605,70.96171926277103,72.89388573684579,102.25332004198842,93.04989750757879,104.13920918963831,130.07897326596174
2022-08-28,46.88260748228845,72.34504527692957,74.6187586591244,71.8581475525615,98.49809066689613,103.06681359272959,96.31366941555825,121.47744097191993
2022-09-04,42.5267593606153,70.26228581162992,75.2749159228216,71.70209872331401,97.3289506744551,102.71803453657307,98.8016435538437,127.32017293396973
2022-09-11,43.56193507183028,67.99705904117995,79.87589019119628,72.30561358854521,91.52524444722461,106.01125712580533,95.81007125209482,120.94647089512961
2022-09-18,44.098782408478336,65.00986195723193,82.75637487173492,70.47859773004632,90.9440244886255,106.67430932313708,96.96660691016186,119.09119940132362
2022-09-25,44.076980593764745,64.76413042417902,82.33603202447426,70.83472304486168,87.65421335917283,106.49958140299023,96.74099682653349,114.02698270898907
2022-10-02,43.71669964618018,59.60556803285872,80.20970120957298,72.89810275780084,88.51257084539888,110.11845356838882,100.09892417337254,114.24620591250054
2022-10-09,44.81870535995307,57.463683600326796,79.42057396527505,71.49365956823128,85.97750373906122,108.2665698278202,98.15392403106891,111.3958360378158
2022-10-16,43.996198792325444,57.18153199669694,77.89150059072978,71.73410899823966,83.96218668056184,103.84126359421202,100.21247127204133,110.15827708129936
2022-10-23,45.131648267950006,55.46695236762603,73.5898194095994,72.48856694940974,81.39393823625431,100.02563185260927,100.204287770665,109.19278670225869
2022-10-30,45.914217787987944,54.01705096060873,70.1913435168864,72.97845855749155,80.32451457498735,96.78568392018587,102.29283162403306,109.15686520860578
2022-11-06,46.86398735447238,53.093382814225905,66.79582458129988,73.41030770026852,80.67059308439414,93.59522947497946,99.95270768850058,107.9706607205568
2022-11-13,47.827175093471396,53.55125820272411,63.55311194166362,74.1153241286473,80.10092461748822,90.46370530320449,103.08350499189444,108.13634322724488
2022-11-20,47.83048975238862,54.87779854668577,62.223867781134,75.23087524758341,80.43913757268614,89.71714653266082,104.06610525724714,107.53813377144367
2022-11-27,48.56992971430376,56.63862250108024,62.6722211133013,77.50060425785239,81.9512935963981,89.92806389590511,103.27622220199785,108.84899883346719
2022-12-04,51.43799972621817,55.41084134430604,64.190674167767,77.42658218895738,83.40044167788565,91.94630325951508,106.44108211970371,113.45274693051795
2022-12-11,52.001940358223095,58.27903118604641,66.80196856805118,79.01223945879265,85.1213064901192,93.22517496879995,106.99970381517907,112.51334173388501
2022-12-18,52.28570893724334,60.440305506498,67.99743933493781,81.19658720790096,86.84611022119448,94.27235780850005,107.52422208732962,118.28549429428807
2022-12-25,55.711151975522576,65.10917141886976,72.99974464161286,81.27809147794578,91.42816567567456,100.49032179479825,107.80170322084486,117.86679596190262
2023-01-01,55.50488281281959,62.67713514075207,77.65094875456884,83.80725914631729,95.68229676183435,103.13621688363752,109.1071163553793,120.75751154243385
2023-01-08,58.02647719101962,68.70378554926582,77.71149659524954,81.64469823812351,95.4799375304874,109.24448697837465,115.69493213953092,138.97699600855768
2023-01-15,57.82595386927194,69.63507203923658,83.80019424718593,85.07665855870145,97.99588515549948,111.849676352749,112.87750361493502,141.67768482805903
2023-01-22,61.75596079224556,74.17323988330482,85.30311084862878,95.57574377987352,100.2897688756787,113.22768691288229,115.81358402072148,126.5639398996013
2023-01-29,62.46662440932149,75.19322778382725,86.96222080140521,96.5485331049739,101.15327594281598,108.73321589024795,113.29360544209223,127.06158770888796
2023-02-05,60.47868797416515,73.96870912785268,81.30450859355531,85.29586868653766,99.25289531260444,113.0161313610463,114.30412831628873,128.54483816182494
2023-02-12,63.16892198507946,70.78688055219541,78.7951776033354,91.74547531249445,104.67998805361601,106.84834902883625,119.68555991393623,129.6267859607178
2023-02-19,63.41693310627203,71.90375620316618,76.56950182167704,88.5593273247479,98.99425936597326,106.41324632344266,114.74101617762011,130.49375460526306
2023-02-26,65.03637265916544,71.00880597472656,72.89594364195806,91.46933311594144,100.76051875691344,98.2304679020503,117.66684684237727,127.23998835907778
2023-03-05,62.32530766118463,68.20834508237536,69.93256014496755,91.4039488368777,98.91960172105905,95.31636847635843,119.24265776239633,127.1121711870772
2023-03-12,64.82488163959684,69.75238356890458,66.48434736681502,93.3974311531297,92.61832034544295,93.64144369271743,119.81902028024932,127.23961943726846
2023-03-19,65.39216200741444,64.16308224564516,63.347333916569944,95.23109944167716,93.23065736114901,91.5849140058431,119.56625162217622,122.35894834241037
2023-03-26,62.531260513576875,65.74186025929909,64.33639654516821,90.4825261700943,91.52927983253704,92.62221791520375,120.66331164975348,119.84980985520812
2023-04-02,63.185416376806025,63.107594443174676,62.418153332587295,91.38444261209169,89.27094943368967,91.14330773187496,121.00300896192185,114.73366923460641
2023-04-09,62.45402521959162,58.64762252599247,65.45028349246732,92.13811923494603,87.22670303262272,94.71589732437445,120.7817157746528,111.39970411283446
2023-04-16,63.49008048051216,57.25031032705175,69.56708190772159,90.6696432536856,85.67780504686006,97.00694907064218,118.5358434066718,113.37010252321458
2023-04-23,63.60683966251956,55.38336799010845,70.90169701750844,91.77297726362995,83.4139693475632,99.58625863430197,118.8969961486515,111.31529313845991
2023-04-30,63.36983158802127,54.85807339352668,74.98025630046865,91.17365445251131,82.61420093814418,103.9560716158097,119.62776109232992,109.90383766391443
2023-05-07,61.87242498910726,54.479095403357995,79.13663451840216,90.25140073997952,81.79121360959238,106.4231107059058,118.65604361999605,110.08142120055057
2023-05-14,61.81147157568795,53.93584420338901,81.54790907995283,89.22612593624315,81.15558544384812,111.16534474372824,116.044931268338,109.90119373968673
2023-05-21,59.31575464908908,54.66461849505675,82.26028546642566,89.10881390782447,82.5239924792864,108.80131518973613,116.57010377522973,111.63074507457931
2023-05-28,58.02477741360043,55.12840766370987,82.77316850730153,86.28310832644702,84.28734492387022,111.80113749775145,113.44450929210909,111.89631214013677
2023-06-04,57.8989186404045,57.46988157153303,81.07742378546433,86.16276499189452,86.35639326332802,108.425274040177,114.32624583610713,112.64001032412575
2023-06-11,57.08798003496315,59.29020494609538,80.73441612236132,84.25588314176267,87.93021807439027,114.88800636208526,115.52403482341137,116.84492066968625
2023-06-18,55.58658423713863,60.5438831065709,76.50573309147461,84.8638269380007,91.30140215920048,112.00961616413895,110.7402149151682,117.56188896703824
2023-06-25,52.35255789996011,63.82455917972261,75.41058709291258,80.29665648614163,92.6864106463726,103.78145033837035,109.60508312721345,121.25511236224295
2023-07-02,53.124849247205354,65.78122000473145,69.85291655768857,81.47375558135835,95.89730637458298,96.87149066164346,111.17335628373345,121.9244443611008
2023-07-09,50.43926525456512,67.70100088436674,73.07525078033356,80.90391922124589,98.46451850126667,97.42668887597266,105.64478044160329,123.80583484531047
2023-07-16,51.79566119877023,68.85194089057018,70.70063539011488,77.61381407702481,98.46485966209745,90.49093976509741,106.25586772381253,127.42175435518273
2023-07-23,50.330218746560476,72.2468829730822,63.03928794213818,77.04374744689814,101.9644858426419,94.68413143615503,107.91976324624116,128.94062145461993
2023-07-30,47.41007131316726,72.03027528979685,63.89573885428941,77.2286919467685,99.76759678963143,91.06642314326662,104.1200411203094,131.30721754796315
2023-08-06,47.07984637578262,73.1116494566298,69.72150401092969,78.14668493433483,103.05990929225104,93.81498744411194,104.16382183779443,130.08370699054953
2023-08-13,45.41993366502811,75.6767324185411,67.18088752762046,73.46569252927505,103.58589795941865,95.50433997507781,105.7265974616784,126.17575205319304
2023-08-20,46.178179256776644,74.3705614903213,70.56735192710433,73.13244440401763,104.00964930315611,102.42966157629118,104.25995702283964,129.2704938057735
2023-08-27,47.00361542367152,70.73016530847366,74.8464690233927,76.25082521970906,102.40173184998152,105.56837082335731,103.31801896576034,131.2146348753527
2023-09-03,43.8572828887387,71.18664757430376,79.94935256536642,73.2573090409111,101.21493319722381,107.65305633123087,101.56733819247522,127.1180699539545
2023-09-10,45.441749389031855,68.88722893553417,78.97370733683556,72.16490980810102,97.1257702186821,107.53582995773434,102.7302603904401,125.37105487126078
2023-09-17,44.01920416355485,68.56900587947094,83.58162020353333,74.2935521914979,94.55174563176244,110.38929267481295,101.63125003603413,125.59064374935201
2023-09-24,43.75712716773765,65.62145950095959,82.66908978877461,72.56534390359808,92.36514173896022,110.7571352117408,102.58248897588125,120.18964551365991
2023-10-01,44.53868791991063,60.24159731117255,83.61464556094222,74.48873851125848,90.73503247226365,108.74145995294042,101.29295891298818,116.77791231659451
2023-10-08,44.065890051274444,60.2199064253976,80.74027256286362,72.90823539097691,86.25891911303695,111.35746182255014,102.05634669304457,116.70314702925461
2023-10-15,44.85975696734614,58.459050863795625,76.5390503937682,73.83115464332414,87.51505042050742,106.7985368370904,101.65107585941723,114.45858441043185
2023-10-22,45.03047894033472,56.31226748845225,75.23636608325356,75.22840022615122,84.75630909772674,103.44655715960081,103.24247612603283,112.52346695937354
2023-10-29,47.4163615181353,54.65337290637363,71.6376113457994,75.01353464179812,83.3404586120331,101.4018367905345,103.2791991435172,112.29107864726808
2023-11-05,47.14265284977342,55.629955909721254,67.79937105913882,76.44991028961398,81.33919877602423,96.61975821127766,103.88715723581637,112.37373714430149
2023-11-12,47.636359770207946,54.67379859242383,65.24436247770578,76.80585682787952,83.14695391635874,93.85521215474219,105.9172110806723,112.02495841622574
2023-11-19,49.06329509735022,56.067580724069394,63.342627434537235,79.21115776347105,83.65187558781099,92.89106899920743,106.91060405734694,112.96772795092761
2023-11-26,49.92666231616291,56.9250528950763,64.53888192170022,92.93241951748982,84.23107465572507,91.91303394752293,108.56993229316437,115.70440994209896
2023-12-03,50.956246504157804,58.01004352851966,65.80308831754124,91.71931567378688,85.988926663557,94.39071081256674,108.54286152524023,115.17914448375514
2023-12-10,52.73830130866395,59.18326752247054,66.53902154482924,81.76800596166275,88.62414204346854,95.89851736990849,110.72802262138849,117.9960091570961
2023-12-17,54.13149917707758,61.92350076236681,69.8935586424417,81.5403038859849,90.23185425306067,98.80409250963409,112.26045772356727,119.20476396472017
2023-12-24,54.14949885238945,64.11589630192705,73.96405305463338,83.96895902043052,94.20062929264967,102.18914524196968,113.47163809253053,121.0011884761921
2023-12-31,55.250647399524084,65.27732641579766,80.66715938761097,85.06488402632773,94.66942266942704,106.50765127914187,112.55624742241272,123.79983270298436
2024-01-07,56.75419349713577,69.92875195682366,81.53737110412845,84.50235269914927,98.4139786056209,109.98554498078082,115.58766835152434,126.24422547715021
2024-01-14,55.190899664779685,73.34695589354689,81.47710151603928,89.218317081753,102.38105047401118,111.07599217678799,117.29184908898671,130.12495550271439
2024-01-21,57.228551759271255,72.20668038519437,84.60162888846126,88.90028032466736,101.75752198823572,112.4874959040589,117.70344347744803,136.6265312477115
2024-01-28,62.4165465556408,77.30286425970326,81.47505095449623,89.05754040039618,103.7315214754466,112.90996505861214,113.8915708134561,130.403803178307
2024-02-04,63.83268131930798,71.84332323701561,83.73908024213812,89.73898872915977,104.24016302384415,111.26039537916739,120.19546555990081,131.7872762290847
2024-02-11,61.8624612989357,76.16256047226167,82.93930279949087,91.75701013729008,103.69384141569545,109.25039845868993,126.03227650236823,132.76651625970737
2024-02-18,63.83594068463755,76.56842889934492,79.6312861709053,93.04806191786793,103.01249549186811,104.46362679401277,120.70446177749146,133.4175870691836
2024-02-25,64.06388733879876,72.4530523878944,74.34938869952151,92.70523724799622,100.95075251295809,104.54159537813808,120.60028033623432,132.02223839542935
2024-03-03,68.22988104836408,70.91870637040051,68.76054908115646,88.56698684510512,100.81274155926819,99.22616726447407,123.60558083388533,132.77797549599072
2024-03-10,65.87913928778634,70.64080184098493,64.96107489598927,93.89647828507545,98.10850852539113,95.32351044315409,123.85535882528335,122.88390467383303
2024-03-17,64.58386480781012,67.6163472430632,63.168536921047306,92.02893205675151,98.81668539536605,95.02822630252771,125.66381717239142,121.24983061217344
2024-03-24,63.85445955939958,62.42284752219456,61.062539468601756,93.9677116646562,95.18560056275389,93.74844710177193,121.65741095054578,122.63700710758276
2024-03-31,63.332866304860346,61.43014071082758,65.84283415704904,92.59964245512987,89.91630287330985,92.28029689575733,124.69727254430711,122.80904272113956
2024-04-07,64.69560467699986,60.001327010631805,66.91016392351412,92.61585277686552,88.00125126980186,96.8874850918339,124.24458722174336,116.94962060745195
2024-04-14,63.68458833995751,57.041658263783624,70.60207457457787,94.7834465726031,87.44668722754268,98.37055222324967,123.07813643929785,113.67106321940501
2024-04-21,62.86755247503758,56.16320038961421,74.35312285632652,93.00967052965187,85.69446469367044,103.71951063021197,123.12347260662094,116.14160561116438
2024-04-28,62.745543849117404,54.58220009802551,77.03699531178871,92.39525346665799,84.81326859000424,106.36006206380702,123.12692305633517,114.75040491090225
2024-05-05,61.810390628572186,54.60783298384519,80.37886296782347,92.28103490678362,84.88204767161056,110.4899658834179,133.1748748878496,113.09947759349963
2024-05-12,62.36094798098209,54.64641886171533,82.58921520138377,90.90858642800569,84.69553783736696,112.03372849192556,130.766970987685,113.26909475909298
2024-05-19,61.04011347778857,55.63587473256828,90.49087728080501,91.69698502313746,85.32768068948477,114.1052733245098,120.60941158517014,113.89199045950238
2024-05-26,59.542539756707164,56.510760128422234,91.47414492140902,89.03835508928987,87.46169745910602,115.39544583570098,118.88632009498484,116.08074791531048
2024-06-02,59.44530076360102,58.558465919742964,83.44468944029363,88.50333199904269,86.6190290633378,113.04482866243677,117.99398785477578,116.93706272129441
2024-06-09,57.37254752785038,60.516633704509196,81.09736753518423,88.04208806566471,90.06447069807781,110.47092573147076,116.9230587582044,120.3575144329448
2024-06-16,55.37714200161559,63.46556865210664,78.31669874592494,87.75905720406426,91.54317323161685,108.99103868138101,115.50374242101105,117.774661374894
2024-06-23,56.463124077269704,65.84116134505601,75.88359623527379,83.79539202364514,96.70961010017497,105.59349239512632,116.48673199537136,123.06335182928265
2024-06-30,54.34802804867922,68.23919609774703,70.3732984036753,82.98626425363659,93.67995168168825,100.23233423190956,113.29465644634872,124.84980491039963
2024-07-07,51.28858104128361,73.77618300382386,68.15038879030469,84.48882884158198,95.711112870379,94.45856457943204,110.11934632928616,128.79019423200384
2024-07-14,51.17050350640263,72.08007329065404,66.44736272387912,82.7361930593058,102.04912525873685,94.74701523340036,110.4055365086729,130.17327248208477
2024-07-21,49.09684017856881,77.21672443967579,66.97808388782599,82.24565108716534,105.355500569565,96.38704250986711,110.61633012154353,134.98429375936342
2024-07-28,47.28008269730777,74.99558966522004,64.8391778697024,76.66819198927823,105.88882222180872,93.52452837479316,112.13556481881716,129.6315563452263
2024-08-04,49.75466330033625,74.79071697359882,65.48121949058013,91.50709219041035,103.24911711127972,96.74561101963702,109.81268287004629,135.04281007415477
2024-08-11,50.382056580431744,92.3941111462956,68.47962175497433,91.4550268514796,108.13288589987829,97.9036067763603,105.54856893713722,136.42738635418672
2024-08-18,44.73775206823726,94.88849930318784,74.52128775935299,82.47122527363766,101.92009588121569,98.47363685292653,112.74541955835186,139.14205925261626
2024-08-25,46.97006627955389,75.83695169447314,79.73935963398952,75.99345972866928,105.96354339933093,104.95521245417939,106.95340488825016,132.31382372993315
2024-09-01,44.82346708902368,72.58974046968464,77.66801279979684,74.28915766766943,99.78206082033296,111.23170657265237,108.64705515112637,132.68568868418348
2024-09-08,44.74026721521171,71.28386517137956,81.01533831908723,73.22760056790071,99.29022728740652,108.40359532330169,105.34143456176245,126.26811266002417
2024-09-15,44.46963276203102,65.94010175502594,84.30336885372813,72.77464409660512,98.69522504575293,115.13367415031063,106.44839902810865,123.32026339575879
2024-09-22,44.20600923032018,63.43634219523665,85.34314731528164,75.43472392787017,93.29730903674545,113.64089615290088,106.83314960722946,126.99611643882898
2024-09-29,45.19562689415232,63.97375688087495,85.42152541890715,73.64726773008027,94.81738389651606,115.63361824253785,107.34879633648623,123.23852192348558
2024-10-06,44.74271259628276,60.425688364725566,81.93422596647142,74.51911329903646,90.41808827052024,113.84761546422398,107.21926427202949,122.61071002004739
2024-10-13,45.93062137430044,59.11972240076132,79.0944838906879,75.8603708767309,88.99723836633885,110.07482674682869,107.28265389870418,117.60811289472731
2024-10-20,46.22587421078356,56.5258186216194,76.63288528684407,74.56659162671299,88.27771169690398,106.7155901823062,106.61875001046124,118.170304566488
2024-10-27,46.76292344668602,56.860403766607114,72.80172781518495,77.7894018224563,85.6585716460636,102.68277097590845,107.12304114266973,118.30155912187098
2024-11-03,47.187802106806224,54.479503726917336,70.26943923503354,76.45704419094619,93.4756537288575,99.08280686912316,108.69291859313533,116.47226213359056
2024-11-10,48.21828509611395,54.58528310003161,67.48470926398844,78.87811467752547,93.9344164155701,98.8930167776937,110.10071871887135,116.42971964076435
2024-11-17,49.871592225649614,56.79583018058106,66.09546381636584,79.92974943372914,85.91111088449104,95.49961656159878,110.17959738969259,116.85758284718442
2024-11-24,50.807562085404776,55.40065709727011,65.47912552078022,81.40441804133161,88.69841531020786,104.76165682570816,112.47574795095713,116.47855144422854
2024-12-01,50.97051540103013,58.9871284957204,68.54491286809305,82.09773175137875,87.57119907587256,103.64840970776338,114.19752746021503,121.26917294901726
2024-12-08,52.86309465052086,60.62214196682001,68.13706837930714,85.34057412670835,91.67146940036572,100.05350789500504,112.7413983379044,120.99560803692539
2024-12-15,54.646110966535105,62.274164898339194,72.66921711340942,84.80219593164982,92.04262144408888,101.09146169727703,113.94579065872071,124.88184375919572
